{
  "config": {
    "model": "g2a",
    "split": "test",
    "seed": 42,
    "n_subjects": 224,
    "enroll_ratio": 0.7,
    "gap_seconds": 60.0,
    "impostors_per_user": 2000,
    "checkpoint": "sweep_supcon/g2a/g2a_t0.12.best.pt"
  },
  "results": [
    {
      "scorer": "cosine",
      "n_subjects": 223,
      "n_genuine": 223,
      "n_impostor": 49506,
      "eer": 0.008877711792509999,
      "threshold": 0.9527230262756348,
      "far_at_eer": 0.008786813719549145,
      "frr_at_eer": 0.008968609865470852,
      "rank1": 0.8071748878923767,
      "rank1_n": 223,
      "seed": 42,
      "frr_at_far": {
        "0.01": 0.0,
        "0.001": 0.6905829596412556,
        "0.0001": 0.9372197309417041
      }
    }
  ],
  "bootstrap": {
    "eer": [
      0.008046436929064904,
      0.003662500899778067,
      0.015070433572634746
    ],
    "rank1": [
      0.8560179372197311,
      0.7982062780269058,
      0.9103139013452914
    ],
    "n_boot": 1000
  }
}