{
  "config": {
    "model": "g2a",
    "split": "test",
    "seed": 42,
    "n_subjects": 224,
    "enroll_ratio": 0.7,
    "gap_seconds": 60.0,
    "impostors_per_user": 2000,
    "checkpoint": "sweep_supcon/g2a/g2a_t0.15.best.pt"
  },
  "results": [
    {
      "scorer": "cosine",
      "n_subjects": 223,
      "n_genuine": 223,
      "n_impostor": 49506,
      "eer": 0.009342301943198805,
      "threshold": 0.9378626942634583,
      "far_at_eer": 0.009715994020926755,
      "frr_at_eer": 0.008968609865470852,
      "rank1": 0.7757847533632287,
      "rank1_n": 223,
      "seed": 42,
      "frr_at_far": {
        "0.01": 0.008968609865470852,
        "0.001": 0.7399103139013453,
        "0.0001": 0.9461883408071748
      }
    }
  ],
  "bootstrap": {
    "eer": [
      0.00875775536641611,
      0.004137535259490845,
      0.016116097003690388
    ],
    "rank1": [
      0.8375381165919283,
      0.7757847533632287,
      0.8968609865470852
    ],
    "n_boot": 1000
  }
}