{
  "config": {
    "model": "g2a",
    "split": "test",
    "seed": 42,
    "n_subjects": 224,
    "enroll_ratio": 0.7,
    "gap_seconds": 60.0,
    "impostors_per_user": 2000,
    "checkpoint": "sweep_supcon/g2a/g2a_t0.09.best.pt"
  },
  "results": [
    {
      "scorer": "cosine",
      "n_subjects": 223,
      "n_genuine": 223,
      "n_impostor": 49506,
      "eer": 0.008968609865470852,
      "threshold": 0.9579418897628784,
      "far_at_eer": 0.008968609865470852,
      "frr_at_eer": 0.008968609865470852,
      "rank1": 0.7937219730941704,
      "rank1_n": 223,
      "seed": 42,
      "frr_at_far": {
        "0.01": 0.004484304932735426,
        "0.001": 0.6098654708520179,
        "0.0001": 0.8654708520179372
      }
    }
  ],
  "bootstrap": {
    "eer": [
      0.008766008097135394,
      0.0042299620882739674,
      0.016309036763088137
    ],
    "rank1": [
      0.8526008968609865,
      0.7937219730941704,
      0.905829596412556
    ],
    "n_boot": 1000
  }
}