{
  "config": {
    "model": "g2a",
    "split": "test",
    "seed": 42,
    "n_subjects": 224,
    "enroll_ratio": 0.7,
    "gap_seconds": 60.0,
    "impostors_per_user": 2000,
    "checkpoint": "sweep_supcon/g2a/g2a_t0.03.best.pt"
  },
  "results": [
    {
      "scorer": "cosine",
      "n_subjects": 223,
      "n_genuine": 223,
      "n_impostor": 49506,
      "eer": 0.009019108794893548,
      "threshold": 0.9857980012893677,
      "far_at_eer": 0.009069607724316244,
      "frr_at_eer": 0.008968609865470852,
      "rank1": 0.8251121076233184,
      "rank1_n": 223,
      "seed": 42,
      "frr_at_far": {
        "0.01": 0.004484304932735426,
        "0.001": 0.5022421524663677,
        "0.0001": 0.8789237668161435
      }
    }
  ],
  "bootstrap": {
    "eer": [
      0.008520205793567118,
      0.004095313637585174,
      0.01581297808250996
    ],
    "rank1": [
      0.8800358744394619,
      0.8295964125560538,
      0.9237668161434978
    ],
    "n_boot": 1000
  }
}