{
  "config": {
    "model": "g2a",
    "split": "test",
    "seed": 42,
    "n_subjects": 224,
    "enroll_ratio": 0.7,
    "gap_seconds": 60.0,
    "impostors_per_user": 2000,
    "checkpoint": "sweep_supcon/g2a/g2a_t0.05.best.pt"
  },
  "results": [
    {
      "scorer": "cosine",
      "n_subjects": 223,
      "n_genuine": 223,
      "n_impostor": 49506,
      "eer": 0.007867733204056074,
      "threshold": 0.9873195886611938,
      "far_at_eer": 0.006766856542641296,
      "frr_at_eer": 0.008968609865470852,
      "rank1": 0.8565022421524664,
      "rank1_n": 223,
      "seed": 42,
      "frr_at_far": {
        "0.01": 0.0,
        "0.001": 0.43946188340807174,
        "0.0001": 0.9147982062780269
      }
    }
  ],
  "bootstrap": {
    "eer": [
      0.006197197259385062,
      0.0025061792045838905,
      0.010406525926535374
    ],
    "rank1": [
      0.9009058295964125,
      0.856390134529148,
      0.9417040358744395
    ],
    "n_boot": 1000
  }
}