{
  "config": {
    "model": "g2a",
    "split": "test",
    "seed": 42,
    "n_subjects": 224,
    "enroll_ratio": 0.7,
    "gap_seconds": 60.0,
    "impostors_per_user": 2000,
    "checkpoint": "sweep_supcon/g2a/g2a_t0.10.best.pt"
  },
  "results": [
    {
      "scorer": "cosine",
      "n_subjects": 223,
      "n_genuine": 223,
      "n_impostor": 49506,
      "eer": 0.00940290065850604,
      "threshold": 0.9419081211090088,
      "far_at_eer": 0.009837191451541227,
      "frr_at_eer": 0.008968609865470852,
      "rank1": 0.8071748878923767,
      "rank1_n": 223,
      "seed": 42,
      "frr_at_far": {
        "0.01": 0.0,
        "0.001": 0.547085201793722,
        "0.0001": 0.8385650224215246
      }
    }
  ],
  "bootstrap": {
    "eer": [
      0.00889117815121881,
      0.004178643082975423,
      0.01598018363586771
    ],
    "rank1": [
      0.8648251121076234,
      0.8115470852017937,
      0.9147982062780269
    ],
    "n_boot": 1000
  }
}