{
  "config": {
    "model": "g2a",
    "split": "test",
    "seed": 42,
    "n_subjects": 224,
    "enroll_ratio": 0.7,
    "gap_seconds": 60.0,
    "impostors_per_user": 2000,
    "checkpoint": "sweep_supcon/g2a/g2a_t0.07.best.pt"
  },
  "results": [
    {
      "scorer": "cosine",
      "n_subjects": 223,
      "n_genuine": 223,
      "n_impostor": 49506,
      "eer": 0.009362501514967883,
      "threshold": 0.9611939191818237,
      "far_at_eer": 0.009756393164464913,
      "frr_at_eer": 0.008968609865470852,
      "rank1": 0.7982062780269058,
      "rank1_n": 223,
      "seed": 42,
      "frr_at_far": {
        "0.01": 0.008968609865470852,
        "0.001": 0.547085201793722,
        "0.0001": 0.8475336322869955
      }
    }
  ],
  "bootstrap": {
    "eer": [
      0.009185116333799669,
      0.004609326792558419,
      0.017144595406662765
    ],
    "rank1": [
      0.8596681614349775,
      0.7982062780269058,
      0.9147982062780269
    ],
    "n_boot": 1000
  }
}