{
  "config": {
    "model": "m2a",
    "split": "test",
    "seed": 42,
    "n_subjects": 224,
    "enroll_ratio": 0.7,
    "gap_seconds": 60.0,
    "impostors_per_user": 2000,
    "checkpoint": "sweep_supcon/m2a/m2a_t0.07.best.pt"
  },
  "results": [
    {
      "scorer": "cosine",
      "n_subjects": 223,
      "n_genuine": 223,
      "n_impostor": 49506,
      "eer": 0.012857027431018464,
      "threshold": 0.9800056219100952,
      "far_at_eer": 0.012261140063830648,
      "frr_at_eer": 0.013452914798206279,
      "rank1": 0.6547085201793722,
      "rank1_n": 223,
      "seed": 42,
      "frr_at_far": {
        "0.01": 0.017937219730941704,
        "0.001": 0.968609865470852,
        "0.0001": 0.9910313901345291
      }
    }
  ],
  "bootstrap": {
    "eer": [
      0.01068586026781318,
      0.005330515048780738,
      0.017834686921078487
    ],
    "rank1": [
      0.7468654708520179,
      0.6771300448430493,
      0.8161434977578476
    ],
    "n_boot": 1000
  }
}