{
  "config": {
    "model": "m2a",
    "split": "test",
    "seed": 42,
    "n_subjects": 224,
    "enroll_ratio": 0.7,
    "gap_seconds": 60.0,
    "impostors_per_user": 2000,
    "checkpoint": "sweep_supcon/m2a/m2a_t0.09.best.pt"
  },
  "results": [
    {
      "scorer": "cosine",
      "n_subjects": 223,
      "n_genuine": 223,
      "n_impostor": 49506,
      "eer": 0.012473235567405972,
      "threshold": 0.9779544472694397,
      "far_at_eer": 0.011493556336605664,
      "frr_at_eer": 0.013452914798206279,
      "rank1": 0.6591928251121076,
      "rank1_n": 223,
      "seed": 42,
      "frr_at_far": {
        "0.01": 0.03139013452914798,
        "0.001": 0.968609865470852,
        "0.0001": 1.0
      }
    }
  ],
  "bootstrap": {
    "eer": [
      0.010459336563930602,
      0.004838131723495892,
      0.016933439786531924
    ],
    "rank1": [
      0.7533901345291479,
      0.6904708520179372,
      0.8116591928251121
    ],
    "n_boot": 1000
  }
}