{
  "config": {
    "model": "m2a",
    "split": "test",
    "seed": 42,
    "n_subjects": 224,
    "enroll_ratio": 0.7,
    "gap_seconds": 60.0,
    "impostors_per_user": 2000,
    "checkpoint": "sweep_supcon/m2a/m2a_t0.15.best.pt"
  },
  "results": [
    {
      "scorer": "cosine",
      "n_subjects": 223,
      "n_genuine": 223,
      "n_impostor": 49506,
      "eer": 0.008524219286551126,
      "threshold": 0.9860354661941528,
      "far_at_eer": 0.008079828707631399,
      "frr_at_eer": 0.008968609865470852,
      "rank1": 0.7757847533632287,
      "rank1_n": 223,
      "seed": 42,
      "frr_at_far": {
        "0.01": 0.0,
        "0.001": 0.9775784753363229,
        "0.0001": 0.9955156950672646
      }
    }
  ],
  "bootstrap": {
    "eer": [
      0.007130584176833156,
      0.003329776850076709,
      0.012239110968533945
    ],
    "rank1": [
      0.8365336322869955,
      0.7757847533632287,
      0.8923766816143498
    ],
    "n_boot": 1000
  }
}