{
  "config": {
    "model": "m2a",
    "split": "test",
    "seed": 42,
    "n_subjects": 224,
    "enroll_ratio": 0.7,
    "gap_seconds": 60.0,
    "impostors_per_user": 2000,
    "checkpoint": "sweep_supcon/m2a/m2a_t0.10.best.pt"
  },
  "results": [
    {
      "scorer": "cosine",
      "n_subjects": 223,
      "n_genuine": 223,
      "n_impostor": 49506,
      "eer": 0.008968609865470852,
      "threshold": 0.9859048128128052,
      "far_at_eer": 0.008968609865470852,
      "frr_at_eer": 0.008968609865470852,
      "rank1": 0.7488789237668162,
      "rank1_n": 223,
      "seed": 42,
      "frr_at_far": {
        "0.01": 0.004484304932735426,
        "0.001": 0.9551569506726457,
        "0.0001": 0.9955156950672646
      }
    }
  ],
  "bootstrap": {
    "eer": [
      0.008220277126452798,
      0.004070527929681,
      0.015955538401431768
    ],
    "rank1": [
      0.8207443946188341,
      0.762219730941704,
      0.8834080717488789
    ],
    "n_boot": 1000
  }
}