{
  "config": {
    "model": "m2a",
    "split": "test",
    "seed": 42,
    "n_subjects": 224,
    "enroll_ratio": 0.7,
    "gap_seconds": 60.0,
    "impostors_per_user": 2000,
    "checkpoint": "sweep_supcon/m2a/m2a_t0.03.best.pt"
  },
  "results": [
    {
      "scorer": "cosine",
      "n_subjects": 223,
      "n_genuine": 223,
      "n_impostor": 49506,
      "eer": 0.018058417161556175,
      "threshold": 0.9916704893112183,
      "far_at_eer": 0.018179614592170646,
      "frr_at_eer": 0.017937219730941704,
      "rank1": 0.47085201793721976,
      "rank1_n": 223,
      "seed": 42,
      "frr_at_far": {
        "0.01": 0.16143497757847533,
        "0.001": 0.9820627802690582,
        "0.0001": 1.0
      }
    }
  ],
  "bootstrap": {
    "eer": [
      0.018370812659843305,
      0.011569625132610359,
      0.030191987425918984
    ],
    "rank1": [
      0.5917443946188341,
      0.5201793721973094,
      0.672645739910314
    ],
    "n_boot": 1000
  }
}