{
  "config": {
    "model": "m2a",
    "split": "test",
    "seed": 42,
    "n_subjects": 224,
    "enroll_ratio": 0.7,
    "gap_seconds": 60.0,
    "impostors_per_user": 2000,
    "checkpoint": "sweep_supcon/m2a/m2a_t0.12.best.pt"
  },
  "results": [
    {
      "scorer": "cosine",
      "n_subjects": 223,
      "n_genuine": 223,
      "n_impostor": 49506,
      "eer": 0.008968609865470852,
      "threshold": 0.9833828806877136,
      "far_at_eer": 0.008968609865470852,
      "frr_at_eer": 0.008968609865470852,
      "rank1": 0.7668161434977578,
      "rank1_n": 223,
      "seed": 42,
      "frr_at_far": {
        "0.01": 0.0,
        "0.001": 0.9730941704035875,
        "0.0001": 0.9955156950672646
      }
    }
  ],
  "bootstrap": {
    "eer": [
      0.007827455903081131,
      0.0037058325085746065,
      0.013254922095959324
    ],
    "rank1": [
      0.8292959641255605,
      0.7668161434977578,
      0.8835201793721972
    ],
    "n_boot": 1000
  }
}