{
  "config": {
    "model": "m2a",
    "split": "test",
    "seed": 42,
    "n_subjects": 224,
    "enroll_ratio": 0.7,
    "gap_seconds": 60.0,
    "impostors_per_user": 2000,
    "checkpoint": "sweep_supcon/m2a/m2a_t0.05.best.pt"
  },
  "results": [
    {
      "scorer": "cosine",
      "n_subjects": 223,
      "n_genuine": 223,
      "n_impostor": 49506,
      "eer": 0.01368520987355068,
      "threshold": 0.9823168516159058,
      "far_at_eer": 0.013917504948895083,
      "frr_at_eer": 0.013452914798206279,
      "rank1": 0.6053811659192825,
      "rank1_n": 223,
      "seed": 42,
      "frr_at_far": {
        "0.01": 0.04932735426008968,
        "0.001": 0.9596412556053812,
        "0.0001": 0.9865470852017937
      }
    }
  ],
  "bootstrap": {
    "eer": [
      0.012922164782728786,
      0.0072988694014327555,
      0.019171338883881766
    ],
    "rank1": [
      0.711170403587444,
      0.6412556053811659,
      0.7802690582959642
    ],
    "n_boot": 1000
  }
}