{
  "config": {
    "model": "m1a",
    "split": "test",
    "seed": 42,
    "n_subjects": 224,
    "enroll_ratio": 0.7,
    "gap_seconds": 60.0,
    "impostors_per_user": 2000,
    "checkpoint": "sweep_supcon/m1a/m1a_t0.09.best.pt"
  },
  "results": [
    {
      "scorer": "cosine",
      "n_subjects": 223,
      "n_genuine": 223,
      "n_impostor": 49506,
      "eer": 0.013564012442936209,
      "threshold": 0.9695900678634644,
      "far_at_eer": 0.01367511008766614,
      "frr_at_eer": 0.013452914798206279,
      "rank1": 0.5919282511210763,
      "rank1_n": 223,
      "seed": 42,
      "frr_at_far": {
        "0.01": 0.05829596412556054,
        "0.001": 0.968609865470852,
        "0.0001": 0.9955156950672646
      }
    }
  ],
  "bootstrap": {
    "eer": [
      0.013050006560639616,
      0.007410463106438176,
      0.01946009977208724
    ],
    "rank1": [
      0.6914170403587444,
      0.6232062780269059,
      0.7668161434977578
    ],
    "n_boot": 1000
  }
}