{
  "config": {
    "model": "m1a",
    "split": "test",
    "seed": 42,
    "n_subjects": 224,
    "enroll_ratio": 0.7,
    "gap_seconds": 60.0,
    "impostors_per_user": 2000,
    "checkpoint": "sweep_supcon/m1a/m1a_t0.12.best.pt"
  },
  "results": [
    {
      "scorer": "cosine",
      "n_subjects": 223,
      "n_genuine": 223,
      "n_impostor": 49506,
      "eer": 0.012857027431018464,
      "threshold": 0.9667496681213379,
      "far_at_eer": 0.012261140063830648,
      "frr_at_eer": 0.013452914798206279,
      "rank1": 0.6233183856502242,
      "rank1_n": 223,
      "seed": 42,
      "frr_at_far": {
        "0.01": 0.026905829596412557,
        "0.001": 0.9775784753363229,
        "0.0001": 0.9955156950672646
      }
    }
  ],
  "bootstrap": {
    "eer": [
      0.011674396452125844,
      0.006417036549957867,
      0.019153693847222476
    ],
    "rank1": [
      0.7181659192825112,
      0.6457399103139013,
      0.7892376681614349
    ],
    "n_boot": 1000
  }
}