{
  "config": {
    "model": "m1a",
    "split": "test",
    "seed": 42,
    "n_subjects": 224,
    "enroll_ratio": 0.7,
    "gap_seconds": 60.0,
    "impostors_per_user": 2000,
    "checkpoint": "sweep_supcon/m1a/m1a_t0.10.best.pt"
  },
  "results": [
    {
      "scorer": "cosine",
      "n_subjects": 223,
      "n_genuine": 223,
      "n_impostor": 49506,
      "eer": 0.009584696804427747,
      "threshold": 0.9820096492767334,
      "far_at_eer": 0.01020078374338464,
      "frr_at_eer": 0.008968609865470852,
      "rank1": 0.6816143497757847,
      "rank1_n": 223,
      "seed": 42,
      "frr_at_far": {
        "0.01": 0.013452914798206279,
        "0.001": 0.9641255605381166,
        "0.0001": 1.0
      }
    }
  ],
  "bootstrap": {
    "eer": [
      0.009602233265448238,
      0.00474770711898421,
      0.01641771064684142
    ],
    "rank1": [
      0.7691479820627803,
      0.7040358744394619,
      0.8340807174887892
    ],
    "n_boot": 1000
  }
}