{
  "config": {
    "model": "m1a",
    "split": "test",
    "seed": 42,
    "n_subjects": 224,
    "enroll_ratio": 0.7,
    "gap_seconds": 60.0,
    "impostors_per_user": 2000,
    "checkpoint": "sweep_supcon/m1a/m1a_t0.03.best.pt"
  },
  "results": [
    {
      "scorer": "cosine",
      "n_subjects": 223,
      "n_genuine": 223,
      "n_impostor": 49506,
      "eer": 0.008514119500666585,
      "threshold": 0.9968448281288147,
      "far_at_eer": 0.00805962913586232,
      "frr_at_eer": 0.008968609865470852,
      "rank1": 0.7713004484304933,
      "rank1_n": 223,
      "seed": 42,
      "frr_at_far": {
        "0.01": 0.004484304932735426,
        "0.001": 0.9820627802690582,
        "0.0001": 1.0
      }
    }
  ],
  "bootstrap": {
    "eer": [
      0.007941814565704428,
      0.0037737044461672404,
      0.016013817474300533
    ],
    "rank1": [
      0.831,
      0.7668161434977578,
      0.8878923766816144
    ],
    "n_boot": 1000
  }
}