{
  "config": {
    "model": "m1a",
    "split": "test",
    "seed": 42,
    "n_subjects": 224,
    "enroll_ratio": 0.7,
    "gap_seconds": 60.0,
    "impostors_per_user": 2000,
    "checkpoint": "sweep_supcon/m1a/m1a_t0.07.best.pt"
  },
  "results": [
    {
      "scorer": "cosine",
      "n_subjects": 223,
      "n_genuine": 223,
      "n_impostor": 49506,
      "eer": 0.009039308366662627,
      "threshold": 0.9899560809135437,
      "far_at_eer": 0.009110006867854402,
      "frr_at_eer": 0.008968609865470852,
      "rank1": 0.7847533632286996,
      "rank1_n": 223,
      "seed": 42,
      "frr_at_far": {
        "0.01": 0.008968609865470852,
        "0.001": 0.9775784753363229,
        "0.0001": 0.9955156950672646
      }
    }
  ],
  "bootstrap": {
    "eer": [
      0.008619808174197007,
      0.0042011335669583615,
      0.016638201332050868
    ],
    "rank1": [
      0.8358609865470852,
      0.7847533632286996,
      0.8878923766816144
    ],
    "n_boot": 1000
  }
}