{
  "config": {
    "model": "m1a",
    "split": "test",
    "seed": 42,
    "n_subjects": 224,
    "enroll_ratio": 0.7,
    "gap_seconds": 60.0,
    "impostors_per_user": 2000,
    "checkpoint": "sweep_supcon/m1a/m1a_t0.05.best.pt"
  },
  "results": [
    {
      "scorer": "cosine",
      "n_subjects": 223,
      "n_genuine": 223,
      "n_impostor": 49506,
      "eer": 0.009049408152547166,
      "threshold": 0.9930703043937683,
      "far_at_eer": 0.00913020643962348,
      "frr_at_eer": 0.008968609865470852,
      "rank1": 0.7802690582959642,
      "rank1_n": 223,
      "seed": 42,
      "frr_at_far": {
        "0.01": 0.008968609865470852,
        "0.001": 0.968609865470852,
        "0.0001": 0.9955156950672646
      }
    }
  ],
  "bootstrap": {
    "eer": [
      0.008490578502736752,
      0.004116066513874089,
      0.01638253050384043
    ],
    "rank1": [
      0.8397713004484304,
      0.7847533632286996,
      0.8923766816143498
    ],
    "n_boot": 1000
  }
}