{
  "config": {
    "model": "m1a",
    "split": "test",
    "seed": 42,
    "n_subjects": 224,
    "enroll_ratio": 0.7,
    "gap_seconds": 60.0,
    "impostors_per_user": 2000,
    "checkpoint": "sweep_supcon/m1a/m1a_t0.15.best.pt"
  },
  "results": [
    {
      "scorer": "cosine",
      "n_subjects": 223,
      "n_genuine": 223,
      "n_impostor": 49506,
      "eer": 0.009423100230275119,
      "threshold": 0.9784443378448486,
      "far_at_eer": 0.009877590595079384,
      "frr_at_eer": 0.008968609865470852,
      "rank1": 0.7130044843049327,
      "rank1_n": 223,
      "seed": 42,
      "frr_at_far": {
        "0.01": 0.008968609865470852,
        "0.001": 0.9551569506726457,
        "0.0001": 0.9910313901345291
      }
    }
  ],
  "bootstrap": {
    "eer": [
      0.009405280917829733,
      0.004679373525656455,
      0.016674828288875683
    ],
    "rank1": [
      0.7991255605381166,
      0.7354260089686099,
      0.8609865470852018
    ],
    "n_boot": 1000
  }
}